{"wavelengths_array": [0.4239, 0.44689999999999996, 0.4919, 0.555, 0.6197, 0.6195, 0.6662, 0.7020000000000001, 0.7411000000000001, 0.7822, 0.8611000000000001, 0.9087000000000001], "avg_30PCI": [0.18245901639344264, 0.08633465805596956, 0.09324254550148443, 0.10963114754098362, 0.1440881243029349, 0.11874017516281157, 0.261157737861793, 0.27521073589491646, 0.2626156838438028, 0.3146883222019834, 0.3084542981632604, 0.33203798543377], "avg_85PCI": [0.16665549972082638, 0.08009322707815171, 0.08840659992877775, 0.11022691582914573, 0.14499805645187727, 0.11945572611918039, 0.2678544236333181, 0.29077564478544143, 0.3099198731598017, 0.386608970779825, 0.388594957164678, 0.4191364988206338], "std_30PCI": [0.03082487686157409, 0.01248564587816034, 0.013994535296586804, 0.015002596753182062, 0.02081202109649305, 0.016715721316039125, 0.03672102746305334, 0.033511032658196015, 0.023678376555242932, 0.027271940764107914, 0.028925492931035766, 0.026357192028170905], "std_85PCI": [0.024438829563719976, 0.011106594411566913, 0.013113787847334801, 0.013348432356134605, 0.01929345196523439, 0.015838398664819522, 0.03526564903027539, 0.027938216823677947, 0.02303441328968685, 0.03782011620599924, 0.04182506506187169, 0.04308373682541626]}